"path","sha256"
"cycle0f-run0/decision.json","283ADE1C59AEF2E69F9F4CCEFC0626B323E2E4D44C70C4D34411A2CA401D4C28"
"cycle0f-run0/README.md","6ED04569B12CA76C42ADC6EBD65CF4D9B5B1E125A821013FEE68C5D04BAD76D0"
"cycle0f-run1/decision.json","1F3BE2ED013E23F8ADBBBCFDD1B88ED183EDDFDE8F46F28552DF85059AD4E71C"
"cycle0f-run1/README.md","087ECD601F2133504E122CC2A2424C0EB49F9893A57E111BE718F8436DBF8C69"
"environment.txt","56F90C13A436D47D08B326CE1F1ED13E35E162DDC9FCD369EE78DEFE902A601C"
"experiment-run1/final_decision.json","700C4CF6324EB2B346E744D3480E6D590114C7A6BD96F091708BA9460EC9688C"
"experiment-run1/phase0c/calibration_maxima.csv","984241B1F92A9BEBEA8B819FCF113CCD7CD50B17131C3BFE05C8320010326A0C"
"experiment-run1/phase0c/candidate_fwer.csv","0EA02DC1BC01DC9935FAE25B254E1E76B3FF2A284504D989F41F5A2932215343"
"experiment-run1/phase0c/decision.json","D5367E78A6C4A75DB7E5055C6270367E771F4A5B4BD0517869495A6A96FE504E"
"experiment-run1/phase0c/evaluation_maxima.csv","72ADC2A6521D9E8CCBB9F530EE3B87CF253C227622F6A2B1B7B454D1EB6D26D9"
"experiment-run1/phase0n/candidate_gate.csv","69202600C9C30369AB13186E740FB79B7E5D52EAD1F932132B48FC943862AB22"
"experiment-run1/phase0n/decision.json","FC7B4CAEB3CD6A59A3E5C3D67682F4A75221BFFD4D35CF639F96A78F5AAA759D"
"experiment-run1/phase0n/development_runs.csv","17F9FDD70F8D0B8B333D4571A4C9328BF6F562A5D49B239094E49A020370102B"
"experiment-run1/phase0r/calibration_maxima.csv","A3180D03B7BBFA46497C4695C85E03161B1FE32B6E21F84B0006419EE1A9CA08"
"experiment-run1/phase0r/condition_summary.csv","28B3B5DE18F4882F8B8CDBA21C2E882FC2A0B6EDF414D3CC8A5E4BC2296494C5"
"experiment-run1/phase0r/decision.json","D65303A2E8654D79FEBCAB36A00860FE16D96610B7306A37A8F6E58B9C4F5BC3"
"experiment-run1/phase0r/evaluation_runs.csv","E49D13B8724D378B9D8DF28EECBD9586266514E47E3DD05DA774D4C11E6AD529"
"experiment-run1/phase0r/representation_gate.csv","BF424EF55E3963BA266FEFDCDFB34742615DE6EDFF4AFE8E66023F54C5B28FE3"
"experiment-run1/raw_final_decision.json","D959DE42B510FDC9D5543B5DB8A59B604912C99BB648B193342C76FE5BD8015B"
"experiment-run1/README.md","88F004AE504E065D5F8D5FA178494A0C0C1EF6FE106687064BA7020FA5ECB3BA"
"experiment-run1/validation.json","E2BA3B39BC3CD43EB44659AA3C86C2FD605221E732896413BBFF49B25DFEEF24"
"README.md","16DCC5577745DD2EA46B1C3FA0731E24D7DE6757BD8D0A620E320440E41710FE"
"report/correlon_lx_v0.2.3_cycle_falsification_report.pdf","B183CAE32E748ECA4A346205525C2B24AA8CA5170E262827F3471579B414B781"
"report/README.md","139F9BE16E0161C98224989B4EBC3A784831DA247236104453B11CFE3CD28BFE"
